,Location,Melting Temp
TTTGCTGTTCCTGCAT,1541,66.94747869702633
TTTTCTTTGACCTCTT,1627,59.619402171063484
TTTCTTTGACCTCTTC,1628,60.116533004309474
